Workbook

Sheet Estaciones
A1: Empresa | B1: Central | C1: Provincia | D1: Cantón | E1: Sistema | F1: Tipo de Central | G1: Subtipo de Central | H1: Potencia Nominal (MW) | I1: Potencia Efectiva (MW) | J1: Latitud | K1: Longitud
A2: Hidroabanico | B2: Abanico | C2: Morona Santiago | D2: Morona | E2: S.N.I. | F2: Hidráulica | G2: Pasada | H2: 38.45 | I2: 37.99 | J2: =INDEX(Cantones!C:C,MATCH(Tabelle2[[#This Row],[Cantón]],Cantones!A:A,0)) -> -2.4303097 | K2: =INDEX(Cantones!D:D,MATCH(Tabelle2[[#This Row],[Cantón]],Cantones!A:A,0)) -> -77.880192
A3: CELEC-Hidroagoyán | B3: Agoyán | C3: Tungurahua | D3: Baños de Agua Santa | E3: S.N.I. | F3: Hidráulica | G3: Embalse | H3: 160 | I3: 156 | J3: =INDEX(Cantones!C:C,MATCH(Tabelle2[[#This Row],[Cantón]],Cantones!A:A,0)) -> -1.3319157 | K3: =INDEX(Cantones!D:D,MATCH(Tabelle2[[#This Row],[Cantón]],Cantones!A:A,0)) -> -78.262529
A4: Petroamazonas | B4: Aguajal | C4: Orellana | D4: La Joya de los Sachas | E4: No Incorporado | F4: Térmica | G4: MCI | H4: 5.8 | I4: 2.02 | J4: =INDEX(Cantones!C:C,MATCH(Tabelle2[[#This Row],[Cantón]],Cantones!A:A,0)) -> -0.2611097 | K4: =INDEX(Cantones!D:D,MATCH(Tabelle2[[#This Row],[Cantón]],Cantones!A:A,0)) -> -76.90801
A5: Petroamazonas | B5: Aguarico | C5: Sucumbios | D5: Shushufindi | E5: No Incorporado | F5: Térmica | G5: MCI | H5: 15.17 | I5: 11.7 | J5: =INDEX(Cantones!C:C,MATCH(Tabelle2[[#This Row],[Cantón]],Cantones!A:A,0)) -> -0.2886094 | K5: =INDEX(Cantones!D:D,MATCH(Tabelle2[[#This Row],[Cantón]],Cantones!A:A,0)) -> -76.590663
A6: E.E. Riobamba | B6: Alao | C6: Chimborazo | D6: Riobamba | E6: S.N.I. | F6: Hidráulica | G6: Pasada | H6: 10.4 | I6: 10 | J6: =INDEX(Cantones!C:C,MATCH(Tabelle2[[#This Row],[Cantón]],Cantones!A:A,0)) -> -1.6731483 | K6: =INDEX(Cantones!D:D,MATCH(Tabelle2[[#This Row],[Cantón]],Cantones!A:A,0)) -> -78.648646
A7: CELEC-Hidroazogues | B7: Alazán | C7: Cañar | D7: Azogues | E7: S.N.I. | F7: Hidráulica | G7: Pasada | H7: 6.23 | I7: 6.23 | J7: =INDEX(Cantones!C:C,MATCH(Tabelle2[[#This Row],[Cantón]],Cantones!A:A,0)) -> -2.6317292 | K7: =INDEX(Cantones!D:D,MATCH(Tabelle2[[#This Row],[Cantón]],Cantones!A:A,0)) -> -78.700893
A8: Altgenotec | B8: Altgenotec | C8: Guayas | D8: Guayaquil | E8: S.N.I. | F8: Fotovoltaica | G8: Fotovoltaica | H8: 0.99 | I8: 0.99 | J8: =INDEX(Cantones!C:C,MATCH(Tabelle2[[#This Row],[Cantón]],Cantones!A:A,0)) -> -2.1899066 | K8: =INDEX(Cantones!D:D,MATCH(Tabelle2[[#This Row],[Cantón]],Cantones!A:A,0)) -> -79.887726
A9: CNEL-Guayaquil | B9: Álvaro Tinajero | C9: Guayas | D9: Guayaquil | E9: S.N.I. | F9: Térmica | G9: Turbogás | H9: 94.8 | I9: 64 | J9: =INDEX(Cantones!C:C,MATCH(Tabelle2[[#This Row],[Cantón]],Cantones!A:A,0)) -> -2.1899066 | K9: =INDEX(Cantones!D:D,MATCH(Tabelle2[[#This Row],[Cantón]],Cantones!A:A,0)) -> -79.887726
A10: OCP Ecuador | B10: Amazonas | C10: Sucumbios | D10: Lago Agrio | E10: No Incorporado | F10: Térmica | G10: MCI | H10: 6.66 | I10: 6.14 | J10: =INDEX(Cantones!C:C,MATCH(Tabelle2[[#This Row],[Cantón]],Cantones!A:A,0)) -> 0.0854 | K10: =INDEX(Cantones!D:D,MATCH(Tabelle2[[#This Row],[Cantón]],Cantones!A:A,0)) -> -76.8915
A11: E.E. Norte | B11: Ambi | C11: Imbabura | D11: Antonio Ante | E11: S.N.I. | F11: Hidráulica | G11: Pasada | H11: 8 | I11: 7.85 | J11: =INDEX(Cantones!C:C,MATCH(Tabelle2[[#This Row],[Cantón]],Cantones!A:A,0)) -> 0.3327 | K11: =INDEX(Cantones!D:D,MATCH(Tabelle2[[#This Row],[Cantón]],Cantones!A:A,0)) -> -78.2167
A12: Petroamazonas | B12: Anaconda | C12: Orellana | D12: Orellana | E12: No Incorporado | F12: Térmica | G12: MCI | H12: 2.35 | I12: 0.98 | J12: =INDEX(Cantones!C:C,MATCH(Tabelle2[[#This Row],[Cantón]],Cantones!A:A,0)) -> -0.78618 | K12: =INDEX(Cantones!D:D,MATCH(Tabelle2[[#This Row],[Cantón]],Cantones!A:A,0)) -> -76.480318
A13: E.E. Cotopaxi | B13: Angamarca | C13: Cotopaxi | D13: Pujilí | E13: No Incorporado | F13: Hidráulica | G13: Pasada | H13: 0.3 | I13: 0.26 | J13: =INDEX(Cantones!C:C,MATCH(Tabelle2[[#This Row],[Cantón]],Cantones!A:A,0)) -> -1.0077047 | K13: =INDEX(Cantones!D:D,MATCH(Tabelle2[[#This Row],[Cantón]],Cantones!A:A,0)) -> -78.85592
... A318: Petroamazonas | B318: ZEMI | C318: Orellana | D318: Orellana | E318: No Incorporado | F318: Térmica | G318: MCI | H318: 1.36 | I318: 1.07 | J318: =INDEX(Cantones!C:C,MATCH(Tabelle2[[#This Row],[Cantón]],Cantones!A:A,0)) -> -0.78618 | K318: =INDEX(Cantones!D:D,MATCH(Tabelle2[[#This Row],[Cantón]],Cantones!A:A,0)) -> -76.480318

Sheet Tabelle2
A2: =+Tabelle2[[#This Row],[Cantón]] -> Morona | B2: =+Cantones!A61 -> Aguarico | C2: =IF(A2=B2, "True", 0) -> 0

Sheet Cantones
A1: Canton | B1: Provincia | C1: Latitud | D1: Longitud
A2: El Chaco | B2: Napo | C2: -0.3386642 | D2: -77.809851
A3: Sevilla de Oro | B3: Azuay | C3: -2.7051608 | D3: -78.601439
A4: Pucará | B4: Azuay | C4: -3.1748913 | D4: -79.514713
A5: El Empalme | B5: Guayas | C5: -0.9910107 | D5: -79.664237
A6: Baños de Agua Santa | B6: Tungurahua | C6: -1.3319157 | D6: -78.262529
A7: Zamora | B7: Zamora Chinchipe | C7: -4.0042008 | D7: -78.957775
A8: Guayaquil | B8: Guayas | C8: -2.1899066 | D8: -79.887726
A9: El Guabo | B9: El Oro | C9: -3.2413487 | D9: -79.829671
A10: Jaramijó | B10: Manabí | C10: -0.9739097 | D10: -80.602085
A11: Esmeraldas | B11: Esmeraldas | C11: 0.7343619 | D11: -79.385887
A12: Orellana | B12: Orellana | C12: -0.78618 | D12: -76.480318
A13: Quevedo | B13: Los Ríos | C13: -1.0243508 | D13: -79.466332
... A82: Gonzanama | B82: Loja | C82: -4.2303 | D82: -79.4366
